{
    "clusters": {
        "5": {
            "correct": 30,
            "total": 98,
            "accuracy": 0.30612244897959184
        },
        "3": {
            "correct": 16,
            "total": 29,
            "accuracy": 0.5517241379310345
        },
        "6": {
            "correct": 21,
            "total": 34,
            "accuracy": 0.6176470588235294
        },
        "4": {
            "correct": 8,
            "total": 25,
            "accuracy": 0.32
        },
        "0": {
            "correct": 17,
            "total": 27,
            "accuracy": 0.6296296296296297
        },
        "1": {
            "correct": 14,
            "total": 34,
            "accuracy": 0.4117647058823529
        },
        "2": {
            "correct": 5,
            "total": 20,
            "accuracy": 0.25
        },
        "8": {
            "correct": 37,
            "total": 52,
            "accuracy": 0.7115384615384616
        },
        "7": {
            "correct": 43,
            "total": 48,
            "accuracy": 0.8958333333333334
        }
    },
    "total_correct": 191,
    "total_count": 367
}